,1ep1,1ep3,1jr1,1uum,1vzw,2cu0,3ffs,4ixh,4jej,4ori,4q4k,5ksw,6bka,6dvh,6e2a,6u8e
1ep1,1.0,0.9968,0.66428,0.83693,0.54549,0.65414,0.64213,0.65672,0.52467,0.8372,0.57562,0.98797,0.55216,0.66103,0.59231,0.66365
1ep3,0.99041,1.0,0.66242,0.836,0.54192,0.65085,0.63826,0.65286,0.52178,0.83541,0.57312,0.9817,0.56453,0.6597,0.44748,0.66135
1jr1,0.48585,0.48752,1.0,0.4917,0.38308,0.76847,0.66202,0.73731,0.37531,0.49389,0.50891,0.48212,0.50365,0.54386,0.52107,0.81804
1uum,0.7442,0.74809,0.59903,1.0,0.42785,0.59032,0.57691,0.58663,0.46329,0.97879,0.43076,0.7385,0.50354,0.60469,0.43575,0.59741
1vzw,0.72299,0.72199,0.69187,0.61886,1.0,0.62947,0.61735,0.69348,0.67954,0.72267,0.6751,0.72168,0.62217,0.72208,0.62579,0.63034
2cu0,0.57177,0.57232,0.93216,0.57835,0.41789,1.0,0.80943,0.91709,0.44203,0.57934,0.59777,0.56759,0.58884,0.64724,0.6139,0.92207
3ffs,0.65757,0.65747,0.94908,0.66056,0.47793,0.95845,1.0,0.94155,0.50411,0.66337,0.63481,0.6516,0.62681,0.7486,0.6619,0.94344
4ixh,0.60857,0.60853,0.95238,0.60869,0.48581,0.97631,0.84494,1.0,0.43578,0.60792,0.63531,0.6031,0.62785,0.69204,0.65072,0.95266
4jej,0.64803,0.64805,0.62378,0.62822,0.63932,0.6194,0.60782,0.57416,1.0,0.63615,0.57734,0.64527,0.57325,0.62421,0.56294,0.6257
4ori,0.73502,0.73808,0.59446,0.96516,0.48143,0.58377,0.57191,0.57845,0.46186,1.0,0.4798,0.72918,0.41233,0.61744,0.52832,0.59294
4q4k,0.5134,0.51405,0.62063,0.42977,0.45473,0.60855,0.55188,0.61062,0.42362,0.48444,1.0,0.5136,0.93083,0.52559,0.78237,0.62099
5ksw,0.99763,0.99771,0.66457,0.83813,0.54955,0.655,0.64197,0.65657,0.52729,0.83813,0.5809,1.0,0.57397,0.66127,0.5978,0.6634
6bka,0.46926,0.48017,0.57917,0.47667,0.40214,0.56784,0.51691,0.57163,0.39995,0.39637,0.87826,0.48078,1.0,0.49327,0.71958,0.57826
6dvh,0.52885,0.53143,0.59757,0.54348,0.43342,0.5919,0.58352,0.5967,0.40814,0.56193,0.47312,0.52443,0.46942,1.0,0.49167,0.59849
6e2a,0.56471,0.43103,0.67921,0.46198,0.45678,0.6679,0.61602,0.66869,0.43855,0.57001,0.83813,0.56501,0.81372,0.5826,1.0,0.67787
6u8e,0.55718,0.55865,0.95028,0.56159,0.40461,0.88121,0.76189,0.85536,0.42932,0.56439,0.58476,0.55237,0.57551,0.62658,0.59666,1.0
